{
    "metrics": {
        "checks": {
            "fails": 0,
            "passes": 68,
            "value": 0
        },
        "data_received": {
            "count": 6933,
            "rate": 346.6483545642554
        },
        "data_sent": {
            "count": 7157,
            "rate": 357.8483014014677
        },
        "edit_book_counter": {
            "count": 17,
            "rate": 0.8499959653241514
        },
        "edit_book_duration_trend": {
            "avg": 61.85352382352941,
            "max": 107.269172,
            "med": 56.628167,
            "min": 43.129393,
            "p(90)": 82.1125214,
            "p(95)": 89.92589599999998
        },
        "get_book_counter": {
            "count": 17,
            "rate": 0.8499959653241514
        },
        "get_book_duration_trend": {
            "avg": 79.17786694117645,
            "max": 204.367761,
            "med": 60.644788,
            "min": 48.180674,
            "p(90)": 141.4882676,
            "p(95)": 164.20165059999997
        },
        "http_req_blocked": {
            "avg": 5.18623575,
            "max": 83.202582,
            "med": 0.009433,
            "min": 0.008393,
            "p(90)": 17.264949400000003,
            "p(95)": 27.002488799999995
        },
        "http_req_connecting": {
            "avg": 5.132422897058824,
            "max": 83.043672,
            "med": 0,
            "min": 0,
            "p(90)": 17.119863300000006,
            "p(95)": 26.862406049999997
        },
        "http_req_duration": {
            "avg": 74.22100548529411,
            "max": 204.367761,
            "med": 60.019645999999995,
            "min": 43.129393,
            "p(90)": 126.9920109,
            "p(95)": 134.7643031
        },
        "http_req_receiving": {
            "avg": 0.0932147794117647,
            "max": 0.127249,
            "med": 0.09067349999999999,
            "min": 0.073507,
            "p(90)": 0.1104639,
            "p(95)": 0.11683539999999999
        },
        "http_req_sending": {
            "avg": 0.08285192647058824,
            "max": 0.215938,
            "med": 0.054293999999999995,
            "min": 0.036213,
            "p(90)": 0.1715876,
            "p(95)": 0.17903919999999998
        },
        "http_req_tls_handshaking": {
            "avg": 0,
            "max": 0,
            "med": 0,
            "min": 0,
            "p(90)": 0,
            "p(95)": 0
        },
        "http_req_waiting": {
            "avg": 74.04493877941177,
            "max": 204.226837,
            "med": 59.881313,
            "min": 42.987631,
            "p(90)": 126.85548610000001,
            "p(95)": 134.5486388
        },
        "http_reqs": {
            "count": 68,
            "rate": 3.399983861296606
        },
        "iteration_duration": {
            "avg": 4880.729655485713,
            "max": 7527.47681,
            "med": 4918.236843000001,
            "min": 0.001093,
            "p(90)": 6943.4423517,
            "p(95)": 7400.76924325
        },
        "iterations": {
            "count": 68,
            "rate": 3.399983861296606
        },
        "login_counter": {
            "count": 34,
            "rate": 1.699991930648303
        },
        "login_duration_trend": {
            "avg": 77.92631558823531,
            "max": 144.73671,
            "med": 65.02195549999999,
            "min": 46.450681,
            "p(90)": 127.2922521,
            "p(95)": 132.9883063
        },
        "vus": {
            "max": 20,
            "min": 20,
            "value": 20
        },
        "vus_max": {
            "max": 20,
            "min": 20,
            "value": 20
        }
    },
    "root_group": {
        "name": "",
        "path": "",
        "id": "d41d8cd98f00b204e9800998ecf8427e",
        "groups": {},
        "checks": {
            "is_edit_book_200": {
                "name": "is_edit_book_200",
                "path": "::is_edit_book_200",
                "id": "fd92247b619aedca8dd4d03a8934ebf1",
                "passes": 17,
                "fails": 0
            },
            "is_get_book_200": {
                "name": "is_get_book_200",
                "path": "::is_get_book_200",
                "id": "d1a52362b30711900fd73a0a8229e6ae",
                "passes": 17,
                "fails": 0
            },
            "is_login_200": {
                "name": "is_login_200",
                "path": "::is_login_200",
                "id": "52213c9edc1a14125a332eb2ddab30ff",
                "passes": 34,
                "fails": 0
            }
        }
    }
}
